{
    "articles": [
        {
            "id": 1,
            "component": "ArticleSkills",
            "locales": {
                "en": {"title": null},
                "es": {"title": null},
                "fr": {"title": null},
                "zh": {"title": null}
            },
            "settings": {
                "order_items_by": "id",
                "order_items_sort": "asc",
                "max_items_per_line": 2,
                "transparent_item_icon_background": false,
                "small_icons": true,
                "chart": "pie"
            },
            "items": [
                {
                    "id": 1,
                    "dateStart": null,
                    "img": null,
                    "fallbackFaIcon": "fa-solid fa-users",
                    "fallbackFaIconColor": "#FF6384",
                    "percentage": 15,
                    "locales": {
                        "en": {
                            "title": "Family Time",
                            "description": "Time spent with cherished loved ones.",
                            "level": null
                        },
                        "es": {
                            "title": "Familia",
                            "description": "Tiempo con seres queridos apreciados.",
                            "level": null
                        },
                        "fr": {
                            "title": "Famille",
                            "description": "Temps passé avec des proches chéris.",
                            "level": null
                        },
                        "zh": {
                            "title": "家人和朋友",
                            "description": "与珍爱的亲人共度时光，创造终身难忘的回忆。",
                            "level": null
                        }
                    }
                },

                {
                    "id": 2,
                    "dateStart": null,
                    "img": null,
                    "fallbackFaIcon": "fa-solid fa-tasks",
                    "fallbackFaIconColor": "#36A2EB",
                    "percentage": 29,
                    "locales": {
                        "en": {
                            "title": "My Projects",
                            "description": "Pursuing my creative endeavors.",
                            "level": null
                        },
                        "es": {
                            "title": "Mis Proyectos",
                            "description": "Persiguiendo mis proyectos creativos.",
                            "level": null
                        },
                        "fr": {
                            "title": "Mes Projets",
                            "description": "Poursuivre mes projets créatifs.",
                            "level": null
                        },
                        "zh": {
                            "title": "个人项目",
                            "description": "追求创意事业，将想法变成现实。",
                            "level": null
                        }
                    }
                },

                {
                    "id": 3,
                    "dateStart": null,
                    "img": null,
                    "fallbackFaIcon": "fa-solid fa-couch",
                    "fallbackFaIconColor": "#FFCD56",
                    "percentage": 11,
                    "locales": {
                        "en": {
                            "title": "Relaxing",
                            "description": "Indulging in tranquility, unwinding the stresses of life.",
                            "level": null
                        },
                        "es": {
                            "title": "Relajación",
                            "description": "Disfrutando de la tranquilidad, deshaciendo el estrés de la vida.",
                            "level": null
                        },
                        "fr": {
                            "title": "Détente",
                            "description": "S'adonner à la tranquillité, dénouer les tensions de la vie.",
                            "level": null
                        },
                        "zh": {
                            "title": "放松",
                            "description": "沉浸在宁静中，舒缓生活的压力。",
                            "level": null
                        }
                    }
                },

                {
                    "id": 4,
                    "dateStart": null,
                    "img": null,
                    "fallbackFaIcon": "fa-solid fa-book",
                    "fallbackFaIconColor": "#C5B0FF",
                    "percentage": 9,
                    "locales": {
                        "en": {
                            "title": "Studying",
                            "description": "Embarking on a continuous journey of learning.",
                            "level": null
                        },
                        "es": {
                            "title": "Estudio",
                            "description": "Embarcando en un viaje continuo de aprendizaje.",
                            "level": null
                        },
                        "fr": {
                            "title": "Études",
                            "description": "Entamer un voyage continu d'apprentissage.",
                            "level": null
                        },
                        "zh": {
                            "title": "学习",
                            "description": "踏上持续的学习和自我提升之旅。",
                            "level": null
                        }
                    }
                },

                {
                    "id": 5,
                    "dateStart": null,
                    "img": null,
                    "fallbackFaIcon": "fa-solid fa-dumbbell",
                    "fallbackFaIconColor": "#8EE3C5",
                    "percentage": 17,
                    "locales": {
                        "en": {
                            "title": "Exercising",
                            "description": "Dedicating time to physical well-being.",
                            "level": null
                        },
                        "es": {
                            "title": "Ejercicio",
                            "description": "Dedicando tiempo al bienestar físico.",
                            "level": null
                        },
                        "fr": {
                            "title": "Exercice",
                            "description": "Consacrer du temps au bien-être physique.",
                            "level": null
                        },
                        "zh": {
                            "title": "锻炼",
                            "description": "致力于身体健康，培养健康的生活方式。",
                            "level": null
                        }
                    }
                },

                {
                    "id": 6,
                    "dateStart": null,
                    "img": null,
                    "fallbackFaIcon": "fa-solid fa-utensils",
                    "fallbackFaIconColor": "#EEB79A",
                    "percentage": 19,
                    "locales": {
                        "en": {
                            "title": "Cooking",
                            "description": "Creating culinary masterpieces.",
                            "level": null
                        },
                        "es": {
                            "title": "Cocina",
                            "description": "Creando obras maestras culinarias.",
                            "level": null
                        },
                        "fr": {
                            "title": "Cuisine",
                            "description": "Créer des chefs-d'œuvre culinaires.",
                            "level": null
                        },
                        "zh": {
                            "title": "烹饪",
                            "description": "创造烹饪杰作，在每道菜肴中注入风味。",
                            "level": null
                        }
                    }
                }
            ]
        },

        {
            "id": 2,
            "component": "ArticleSkills",
            "locales": {
                "en": {
                    "title": "Side pursuits"
                },
                "es": {
                    "title": "Exploraciones"
                },
                "fr": {
                    "title": "Intérêts annexes"
                },
                "zh": {
                    "title": "额外兴趣"
                }
            },
            "settings": {
                "order_items_by": "id",
                "order_items_sort": "asc",
                "max_items_per_line": 1,
                "transparent_item_icon_background": false,
                "small_icons": true,
                "chart": null
            },
            "items": [
                {
                    "id": 1,
                    "dateStart": null,
                    "img": null,
                    "fallbackFaIcon": "fa-solid fa-paint-brush",
                    "fallbackFaIconColor": null,
                    "percentage": null,
                    "locales": {
                        "en": {
                            "title": "User Experience Design",
                            "description": "Proficient in crafting user-centric digital experiences. Adept at making technology intuitive and accessible, enhancing user satisfaction.",
                            "level": null
                        },
                        "es": {
                            "title": "Diseño de Experiencia de Usuario",
                            "description": "Destacada habilidad en crear experiencias digitales centradas en el usuario. Experto en hacer que la tecnología sea intuitiva y accesible, mejorando la satisfacción del usuario.",
                            "level": null
                        },
                        "fr": {
                            "title": "Conception d'Expérience Utilisateur",
                            "description": "Compétent dans la création d'expériences numériques centrées sur l'utilisateur. Habile à rendre la technologie intuitive et accessible, améliorant la satisfaction des utilisateurs.",
                            "level": null
                        },
                        "zh": {
                            "title": "用户体验设计",
                            "description": "擅长创造以用户为中心的数字体验。精通使技术直观易用，提升用户满意度。",
                            "level": null
                        }
                    }
                },

                {
                    "id": 2,
                    "dateStart": null,
                    "img": null,
                    "fallbackFaIcon": "fa-solid fa-keyboard",
                    "fallbackFaIconColor": null,
                    "percentage": null,
                    "locales": {
                        "en": {
                            "title": "Programming",
                            "description": "Exploring code, algorithms, and building software solutions for real-world challenges.",
                            "level": null
                        },
                        "es": {
                            "title": "Programación",
                            "description": "Explorar código, algoritmos y desarrollar soluciones de software para desafíos del mundo real.",
                            "level": null
                        },
                        "fr": {
                            "title": "Programmation",
                            "description": "Exploration du code, des algorithmes et création de solutions logicielles pour des défis réels.",
                            "level": null
                        },
                        "zh": {
                            "title": "编程",
                            "description": "探索代码、算法，为现实世界的挑战构建软件解决方案。",
                            "level": null
                        }
                    }
                },

                {
                    "id": 3,
                    "dateStart": null,
                    "img": null,
                    "fallbackFaIcon": "fa-solid fa-music",
                    "fallbackFaIconColor": null,
                    "percentage": null,
                    "locales": {
                        "en": {
                            "title": "Music",
                            "description": "Playing instruments, composing, and embracing the harmony of diverse musical genres.",
                            "level": null
                        },
                        "es": {
                            "title": "Música",
                            "description": "Tocar instrumentos, componer y abrazar la armonía de diversos géneros musicales.",
                            "level": null
                        },
                        "fr": {
                            "title": "Musique",
                            "description": "Jouer d'instruments, composer et apprécier l'harmonie de genres musicaux variés.",
                            "level": null
                        },
                        "zh": {
                            "title": "音乐",
                            "description": "演奏乐器，作曲，融合多种音乐流派的和谐。",
                            "level": null
                        }
                    }
                },

                {
                    "id": 4,
                    "dateStart": null,
                    "img": null,
                    "fallbackFaIcon": "fa-solid fa-users",
                    "fallbackFaIconColor": null,
                    "percentage": null,
                    "locales": {
                        "en": {
                            "title": "User Research",
                            "description": "Delving into user behavior and insights to shape effective design strategies.",
                            "level": null
                        },
                        "es": {
                            "title": "Investigación de Usuarios",
                            "description": "Profundizar en el comportamiento y perspectivas del usuario para definir estrategias de diseño efectivas.",
                            "level": null
                        },
                        "fr": {
                            "title": "Recherche Utilisateur",
                            "description": "Explorer le comportement et les perceptions des utilisateurs pour façonner des stratégies de conception efficaces.",
                            "level": null
                        },
                        "zh": {
                            "title": "用户研究",
                            "description": "深入研究用户行为和见解，塑造有效的设计策略。",
                            "level": null
                        }
                    }
                },

                {
                    "id": 5,
                    "dateStart": null,
                    "img": null,
                    "fallbackFaIcon": "fa-solid fa-desktop",
                    "fallbackFaIconColor": null,
                    "percentage": null,
                    "locales": {
                        "en": {
                            "title": "Front-End Development",
                            "description": "Crafting interactive web interfaces using modern technologies for seamless user experiences.",
                            "level": null
                        },
                        "es": {
                            "title": "Desarrollo Front-End",
                            "description": "Elaborar interfaces web interactivas utilizando tecnologías modernas para experiencias de usuario fluidas.",
                            "level": null
                        },
                        "fr": {
                            "title": "Développement Frontal",
                            "description": "Conception d'interfaces web interactives utilisant des technologies modernes pour des expériences utilisateur fluides.",
                            "level": null
                        },
                        "zh": {
                            "title": "前端开发",
                            "description": "使用现代技术打造交互式网页界面，实现无缝的用户体验。",
                            "level": null
                        }
                    }
                },

                {
                    "id": 6,
                    "dateStart": null,
                    "img": null,
                    "fallbackFaIcon": "fa-solid fa-palette",
                    "fallbackFaIconColor": null,
                    "percentage": null,
                    "locales": {
                        "en": {
                            "title": "Visual Arts",
                            "description": "Exploring visual aesthetics, graphic design, and expressing ideas through artistic creativity.",
                            "level": null
                        },
                        "es": {
                            "title": "Artes Visuales",
                            "description": "Explorar la estética visual, el diseño gráfico y expresar ideas a través de la creatividad artística.",
                            "level": null
                        },
                        "fr": {
                            "title": "Arts Visuels",
                            "description": "Exploration de l'esthétique visuelle, du design graphique et expression d'idées par la créativité artistique.",
                            "level": null
                        },
                        "zh": {
                            "title": "视觉艺术",
                            "description": "探索视觉美学，平面设计，通过艺术创意表达思想。",
                            "level": null
                        }
                    }
                }
            ]
        }
    ]
}