{
    "locales": {
        "en": {
            "about": "About",
            "address": "Address",
            "adjusting_viewport": "Adjusting Viewport...",
            "changing_language": "Changing Language...",
            "email": "E-mail",
            "error_fill_all_fields": "Please fill all the fields.",
            "error_invalid_email": "Please enter a valid e-mail address.",
            "error_sending_message": "There was an error sending the message.",
            "experience_year_count_less_than_one": "<b>≈ 1</b> year experience",
            "experience_year_count_plural": "<b>{x}</b> years experience",
            "experience_year_count_singular": "<b>{x}</b> year experience",
            "message": "Message",
            "name": "Name",
            "now": "Present",
            "phone": "Phone number",
            "send_message": "Send Message",
            "send_another_message": "Send Another Message",
            "sending_message": "Sending Message...",
            "subject": "Subject",
            "tags": "Tags",
            "where_to_find": "Where to Find",
            "where_to_find_description": "{project} is available on the following platforms and services:",
            "view_certification": "View Certification",
            "view_more_info": "View More Info",
            "view_on_app_store": "App Store",
            "view_on_google_play": "Google Play",
            "view_on_windows_store": "Windows Store"
        },

        "es": {
            "about": "Acerca de",
            "address": "Dirección",
            "adjusting_viewport": "Ajustando la pantalla...",
            "changing_language": "Cambiando de idioma...",
            "experience_year_count_less_than_one": "<b>≈ 1</b> año de experiencia",
            "experience_year_count_plural": "<b>{x}</b> años de experiencia",
            "experience_year_count_singular": "<b>{x}</b> año de experiencia",
            "email": "E-mail",
            "error_fill_all_fields": "Por favor, completa todos los campos.",
            "error_invalid_email": "Por favor, introduce una dirección de correo válida.",
            "error_sending_message": "Hubo un error al enviar el mensaje.",
            "message": "Mensaje",
            "name": "Nombre",
            "now": "Actualmente",
            "phone": "Teléfono",
            "send_message": "Enviar",
            "send_another_message": "Enviar otro mensaje",
            "sending_message": "Enviando mensaje...",
            "subject": "Asunto",
            "tags": "Tags",
            "where_to_find": "Dónde Encontrarlo",
            "where_to_find_description": "{project} está disponible en las siguientes plataformas y servicios:",
            "view_certification": "Ver certificación",
            "view_more_info": "Ver más información",
            "view_on_app_store": "App Store",
            "view_on_google_play": "Google Play",
            "view_on_windows_store": "Windows Store"
        },

        "fr": {
            "about": "À propos",
            "address": "Adresse",
            "adjusting_viewport": "Ajustement de l'affichage...",
            "changing_language": "Modification de la langue...",
            "experience_year_count_less_than_one": "<b>≈ 1</b> an d'expérience",
            "experience_year_count_plural": "<b>{x}</b> ans d'expérience",
            "experience_year_count_singular": "<b>{x}</b> an d'expérience",
            "email": "E-mail",
            "error_fill_all_fields": "Veuillez remplir tous les champs.",
            "error_invalid_email": "Veuillez saisir une adresse e-mail valide.",
            "error_sending_message": "Une erreur est survenue lors de l'envoi du message.",
            "message": "Message",
            "name": "Nom",
            "now": "Aujourd’hui",
            "phone": "Téléphone",
            "send_message": "Envoyer",
            "send_another_message": "Envoyer un autre message",
            "sending_message": "Envoi du message...",
            "subject": "Sujet",
            "tags": "Tags",
            "where_to_find": "Où le Trouver",
            "where_to_find_description": "{project} est disponible sur les plateformes et services suivants:",
            "view_certification": "Voir la certification",
            "view_more_info": "Voir plus d'informations",
            "view_on_app_store": "App Store",
            "view_on_google_play": "Google Play",
            "view_on_windows_store": "Windows Store"
        },

        "zh": {
            "about": "关于",
            "address": "地址",
            "adjusting_viewport": "调整屏幕显示...",
            "changing_language": "切换语言...",
            "email": "电子邮件",
            "error_fill_all_fields": "请填写所有字段。",
            "error_invalid_email": "请输入有效的电子邮件地址。",
            "error_sending_message": "发送消息时出错。",
            "experience_year_count_less_than_one": "不到一年经验",
            "experience_year_count_plural": "<b>{x}</b>年经验",
            "experience_year_count_singular": "<b>{x}</b>年经验",
            "message": "消息",
            "name": "姓名",
            "now": "现在",
            "phone": "电话",
            "send_message": "发送",
            "send_another_message": "发送另一条消息",
            "sending_message": "正在发送消息...",
            "subject": "主题",
            "tags": "标签",
            "where_to_find": "在哪里找",
            "where_to_find_description": "{project}可在以下平台和服务上找到：",
            "view_certification": "查看认证",
            "view_more_info": "查看更多信息",
            "view_on_app_store": "App Store",
            "view_on_google_play": "Google Play",
            "view_on_windows_store": "Windows Store"
        }
    }
}
